S180, Brock, Adams, 1-101, 2-101, 1-102, 2-102, D, D, D, D, WA, WA, WA, WA, 
S134, William, Armstrong, 1-101, 2-101, R, R, CO, CO, 
S127, Max, Baucus, 1-101, 2-101, 1-102, 2-102, 1-103, 2-103, 1-104, 2-104, 1-105, 2-105, 1-106, 2-106, 1-107, 2-107, 1-108, 2-108, 1-109, 2-109, 1-110, 2-110, 1-111, 2-111, 1-112, 2-112, 1-113, 2-113, D, D, D, D, D, D, D, D, D, D, D, D, D, D, D, D, D, D, D, D, D, D, D, D, D, D, MT, MT, MT, MT, MT, MT, MT, MT, MT, MT, MT, MT, MT, MT, MT, MT, MT, MT, MT, MT, MT, MT, MT, MT, MT, MT, 
S009, Lloyd, Bentsen, 1-101, 2-101, 1-102, 2-102, D, D, D, D, TX, TX, TX, TX, 
S010, Joseph, Biden, 1-101, 2-101, 1-102, 2-102, 1-103, 2-103, 1-104, 2-104, 1-105, 2-105, 1-106, 2-106, 1-107, 2-107, 1-108, 2-108, 1-109, 2-109, 1-110, 2-110, 1-111, D, D, D, D, D, D, D, D, D, D, D, D, D, D, D, D, D, D, D, D, D, DE, DE, DE, DE, DE, DE, DE, DE, DE, DE, DE, DE, DE, DE, DE, DE, DE, DE, DE, DE, DE, 
S167, Jeff, Bingaman, 1-101, 2-101, 1-102, 2-102, 1-103, 2-103, 1-104, 2-104, 1-105, 2-105, 1-106, 2-106, 1-107, 2-107, 1-108, 2-108, 1-109, 2-109, 1-110, 2-110, 1-111, 2-111, 1-112, 2-112, D, D, D, D, D, D, D, D, D, D, D, D, D, D, D, D, D, D, D, D, D, D, D, D, NM, NM, NM, NM, NM, NM, NM, NM, NM, NM, NM, NM, NM, NM, NM, NM, NM, NM, NM, NM, NM, NM, NM, NM, 
S200, Christopher, Bond, 1-101, 2-101, 1-102, 2-102, 1-103, 2-103, 1-104, 2-104, 1-105, 2-105, 1-106, 2-106, 1-107, 2-107, 1-108, 2-108, 1-109, 2-109, 1-110, 2-110, 1-111, 2-111, R, R, R, R, R, R, R, R, R, R, R, R, R, R, R, R, R, R, R, R, R, R, MO, MO, MO, MO, MO, MO, MO, MO, MO, MO, MO, MO, MO, MO, MO, MO, MO, MO, MO, MO, MO, MO, 
S128, David, Boren, 1-101, 2-101, 1-102, 2-102, 1-103, 2-103, D, D, D, D, D, D, OK, OK, OK, OK, OK, OK, 
S135, Rudy, Boschwitz, 1-101, 2-101, R, R, MN, MN, 
S132, Bill, Bradley, 1-101, 2-101, 1-102, 2-102, 1-103, 2-103, 1-104, 2-104, D, D, D, D, D, D, D, D, NJ, NJ, NJ, NJ, NJ, NJ, NJ, NJ, 
S179, John, Breaux, 1-101, 2-101, 1-102, 2-102, 1-103, 2-103, 1-104, 2-104, 1-105, 2-105, 1-106, 2-106, 1-107, 2-107, 1-108, 2-108, D, D, D, D, D, D, D, D, D, D, D, D, D, D, D, D, LA, LA, LA, LA, LA, LA, LA, LA, LA, LA, LA, LA, LA, LA, LA, LA, 
S206, Richard, Bryan, 1-101, 2-101, 1-102, 2-102, 1-103, 2-103, 1-104, 2-104, 1-105, 2-105, 1-106, 2-106, D, D, D, D, D, D, D, D, D, D, D, D, NV, NV, NV, NV, NV, NV, NV, NV, NV, NV, NV, NV, 
S014, Dale, Bumpers, 1-101, 2-101, 1-102, 2-102, 1-103, 2-103, 1-104, 2-104, 1-105, 2-105, D, D, D, D, D, D, D, D, D, D, AR, AR, AR, AR, AR, AR, AR, AR, AR, AR, 
S015, Quentin, Burdick, 1-101, 2-101, 1-102, 2-102, D, D, D, D, ND, ND, ND, ND, 
S211, Conrad, Burns, 1-101, 2-101, 1-102, 2-102, 1-103, 2-103, 1-104, 2-104, 1-105, 2-105, 1-106, 2-106, 1-107, 2-107, 1-108, 2-108, 1-109, 2-109, R, R, R, R, R, R, R, R, R, R, R, R, R, R, R, R, R, R, MT, MT, MT, MT, MT, MT, MT, MT, MT, MT, MT, MT, MT, MT, MT, MT, MT, MT, 
S017, Robert, Byrd, 1-101, 2-101, 1-102, 2-102, 1-103, 2-103, 1-104, 2-104, 1-105, 2-105, 1-106, 2-106, 1-107, 2-107, 1-108, 2-108, 1-109, 2-109, 1-110, 2-110, 1-111, 2-111, D, D, D, D, D, D, D, D, D, D, D, D, D, D, D, D, D, D, D, D, D, D, WV, WV, WV, WV, WV, WV, WV, WV, WV, WV, WV, WV, WV, WV, WV, WV, WV, WV, WV, WV, WV, WV, 
S116, John, Chafee, 1-101, 2-101, 1-102, 2-102, 1-103, 2-103, 1-104, 2-104, 1-105, 2-105, 1-106, R, R, R, R, R, R, R, R, R, R, R, RI, RI, RI, RI, RI, RI, RI, RI, RI, RI, RI, 
S212, Dan, Coats, 1-101, 2-101, 1-102, 2-102, 1-103, 2-103, 1-104, 2-104, 1-105, 2-105, 1-112, 2-112, 1-113, 2-113, 1-114, 2-114, R, R, R, R, R, R, R, R, R, R, R, R, R, R, R, R, IN, IN, IN, IN, IN, IN, IN, IN, IN, IN, IN, IN, IN, IN, IN, IN, 
S136, Thad, Cochran, 1-101, 2-101, 1-102, 2-102, 1-103, 2-103, 1-104, 2-104, 1-105, 2-105, 1-106, 2-106, 1-107, 2-107, 1-108, 2-108, 1-109, 2-109, 1-110, 2-110, 1-111, 2-111, 1-112, 2-112, 1-113, 2-113, 1-114, 2-114, 1-115, 2-115, R, R, R, R, R, R, R, R, R, R, R, R, R, R, R, R, R, R, R, R, R, R, R, R, R, R, R, R, R, R, MS, MS, MS, MS, MS, MS, MS, MS, MS, MS, MS, MS, MS, MS, MS, MS, MS, MS, MS, MS, MS, MS, MS, MS, MS, MS, MS, MS, MS, MS, 
S137, William, Cohen, 1-101, 2-101, 1-102, 2-102, 1-103, 2-103, 1-104, 2-104, R, R, R, R, R, R, R, R, ME, ME, ME, ME, ME, ME, ME, ME, 
S201, Kent, Conrad, 1-101, 2-101, 1-102, 2-102, 1-103, 2-103, 1-104, 2-104, 1-105, 2-105, 1-106, 2-106, 1-107, 2-107, 1-108, 2-108, 1-109, 2-109, 1-110, 2-110, 1-111, 2-111, 1-112, 2-112, D, D, D, D, D, D, D, D, D, D, D, D, D, D, D, D, D, D, D, D, D, D, D, D, ND, ND, ND, ND, ND, ND, ND, ND, ND, ND, ND, ND, ND, ND, ND, ND, ND, ND, ND, ND, ND, ND, ND, ND, 
S023, Alan, Cranston, 1-101, 2-101, 1-102, 2-102, D, D, D, D, CA, CA, CA, CA, 
S147, Alfonse, D'Amato, 1-101, 2-101, 1-102, 2-102, 1-103, 2-103, 1-104, 2-104, 1-105, 2-105, R, R, R, R, R, R, R, R, R, R, NY, NY, NY, NY, NY, NY, NY, NY, NY, NY, 
S108, John, Danforth, 1-101, 2-101, 1-102, 2-102, 1-103, 2-103, R, R, R, R, R, R, MO, MO, MO, MO, MO, MO, 
S185, Thomas, Daschle, 1-101, 2-101, 1-102, 2-102, 1-103, 2-103, 1-104, 2-104, 1-105, 2-105, 1-106, 2-106, 1-107, 2-107, 1-108, 2-108, D, D, D, D, D, D, D, D, D, D, D, D, D, D, D, D, SD, SD, SD, SD, SD, SD, SD, SD, SD, SD, SD, SD, SD, SD, SD, SD, 
S102, Dennis, DeConcini, 1-101, 2-101, 1-102, 2-102, 1-103, 2-103, D, D, D, D, D, D, AZ, AZ, AZ, AZ, AZ, AZ, 
S149, Alan, Dixon, 1-101, 2-101, 1-102, 2-102, D, D, D, D, IL, IL, IL, IL, 
S150, Christopher, Dodd, 1-101, 2-101, 1-102, 2-102, 1-103, 2-103, 1-104, 2-104, 1-105, 2-105, 1-106, 2-106, 1-107, 2-107, 1-108, 2-108, 1-109, 2-109, 1-110, 2-110, 1-111, 2-111, D, D, D, D, D, D, D, D, D, D, D, D, D, D, D, D, D, D, D, D, D, D, CT, CT, CT, CT, CT, CT, CT, CT, CT, CT, CT, CT, CT, CT, CT, CT, CT, CT, CT, CT, CT, CT, 
S026, Bob, Dole, 1-101, 2-101, 1-102, 2-102, 1-103, 2-103, 1-104, 2-104, R, R, R, R, R, R, R, R, KS, KS, KS, KS, KS, KS, KS, KS, 
S027, Pete, Domenici, 1-101, 2-101, 1-102, 2-102, 1-103, 2-103, 1-104, 2-104, 1-105, 2-105, 1-106, 2-106, 1-107, 2-107, 1-108, 2-108, 1-109, 2-109, 1-110, 2-110, R, R, R, R, R, R, R, R, R, R, R, R, R, R, R, R, R, R, R, R, NM, NM, NM, NM, NM, NM, NM, NM, NM, NM, NM, NM, NM, NM, NM, NM, NM, NM, NM, NM, 
S133, Dave, Durenberger, 1-101, 2-101, 1-102, 2-102, 1-103, 2-103, R, R, R, R, R, R, MN, MN, MN, MN, MN, MN, 
S129, J., Exon, 1-101, 2-101, 1-102, 2-102, 1-103, 2-103, 1-104, 2-104, D, D, D, D, D, D, D, D, NE, NE, NE, NE, NE, NE, NE, NE, 
S033, Wendell, Ford, 1-101, 2-101, 1-102, 2-102, 1-103, 2-103, 1-104, 2-104, 1-105, 2-105, D, D, D, D, D, D, D, D, D, D, KY, KY, KY, KY, KY, KY, KY, KY, KY, KY, 
S183, Wyche, Fowler, 1-101, 2-101, 1-102, 2-102, D, D, D, D, GA, GA, GA, GA, 
S034, Jake, Garn, 1-101, 2-101, 1-102, 2-102, R, R, R, R, UT, UT, UT, UT, 
S035, John, Glenn, 1-101, 2-101, 1-102, 2-102, 1-103, 2-103, 1-104, 2-104, 1-105, 2-105, D, D, D, D, D, D, D, D, D, D, OH, OH, OH, OH, OH, OH, OH, OH, OH, OH, 
S170, Albert, Gore, 1-101, 2-101, 1-102, 2-102, D, D, D, D, TN, TN, TN, TN, 
S152, Slade, Gorton, 1-101, 2-101, 1-102, 2-102, 1-103, 2-103, 1-104, 2-104, 1-105, 2-105, 1-106, 2-106, R, R, R, R, R, R, R, R, R, R, R, R, WA, WA, WA, WA, WA, WA, WA, WA, WA, WA, WA, WA, 
S199, Bob, Graham, 1-101, 2-101, 1-102, 2-102, 1-103, 2-103, 1-104, 2-104, 1-105, 2-105, 1-106, 2-106, 1-107, 2-107, 1-108, 2-108, D, D, D, D, D, D, D, D, D, D, D, D, D, D, D, D, FL, FL, FL, FL, FL, FL, FL, FL, FL, FL, FL, FL, FL, FL, FL, FL, 
S171, Phil, Gramm, 1-101, 2-101, 1-102, 2-102, 1-103, 2-103, 1-104, 2-104, 1-105, 2-105, 1-106, 2-106, 1-107, 2-107, R, R, R, R, R, R, R, R, R, R, R, R, R, R, TX, TX, TX, TX, TX, TX, TX, TX, TX, TX, TX, TX, TX, TX, 
S153, Chuck, Grassley, 1-101, 2-101, 1-102, 2-102, 1-103, 2-103, 1-104, 2-104, 1-105, 2-105, 1-106, 2-106, 1-107, 2-107, 1-108, 2-108, 1-112, 2-112, 1-113, 2-113, 1-114, 2-114, 1-118, R, R, R, R, R, R, R, R, R, R, R, R, R, R, R, R, R, R, R, R, R, R, R, IA, IA, IA, IA, IA, IA, IA, IA, IA, IA, IA, IA, IA, IA, IA, IA, IA, IA, IA, IA, IA, IA, IA, 
S172, Tom, Harkin, 1-101, 2-101, 1-102, 2-102, 1-103, 2-103, 1-104, 2-104, 1-105, 2-105, 1-106, 2-106, 1-107, 2-107, 1-108, 2-108, 1-109, 2-109, 1-110, 2-110, 1-111, 2-111, 1-112, 2-112, 1-113, 2-113, D, D, D, D, D, D, D, D, D, D, D, D, D, D, D, D, D, D, D, D, D, D, D, D, D, D, IA, IA, IA, IA, IA, IA, IA, IA, IA, IA, IA, IA, IA, IA, IA, IA, IA, IA, IA, IA, IA, IA, IA, IA, IA, IA, 
S118, Orrin, Hatch, 1-101, 2-101, 1-102, 2-102, 1-103, 2-103, 1-104, 2-104, 1-105, 2-105, 1-106, 2-106, 1-107, 2-107, 1-108, 2-108, 1-109, 2-109, 1-110, 2-110, 1-111, 2-111, 1-112, 2-112, 1-113, 2-113, 1-114, 2-114, 1-115, 2-115, R, R, R, R, R, R, R, R, R, R, R, R, R, R, R, R, R, R, R, R, R, R, R, R, R, R, R, R, R, R, UT, UT, UT, UT, UT, UT, UT, UT, UT, UT, UT, UT, UT, UT, UT, UT, UT, UT, UT, UT, UT, UT, UT, UT, UT, UT, UT, UT, UT, UT, 
S044, Mark, Hatfield, 1-101, 2-101, 1-102, 2-102, 1-103, 2-103, 1-104, 2-104, R, R, R, R, R, R, R, R, OR, OR, OR, OR, OR, OR, OR, OR, 
S130, Howell, Heflin, 1-101, 2-101, 1-102, 2-102, 1-103, 2-103, 1-104, 2-104, D, D, D, D, D, D, D, D, AL, AL, AL, AL, AL, AL, AL, AL, 
S115, John, Heinz, 1-101, 2-101, 1-102, R, R, R, PA, PA, PA, 
S046, Jesse, Helms, 1-101, 2-101, 1-102, 2-102, 1-103, 2-103, 1-104, 2-104, 1-105, 2-105, 1-106, 2-106, 1-107, 2-107, R, R, R, R, R, R, R, R, R, R, R, R, R, R, NC, NC, NC, NC, NC, NC, NC, NC, NC, NC, NC, NC, NC, NC, 
S047, Ernest, Hollings, 1-101, 2-101, 1-102, 2-102, 1-103, 2-103, 1-104, 2-104, 1-105, 2-105, 1-106, 2-106, 1-107, 2-107, 1-108, 2-108, D, D, D, D, D, D, D, D, D, D, D, D, D, D, D, D, SC, SC, SC, SC, SC, SC, SC, SC, SC, SC, SC, SC, SC, SC, SC, SC, 
S138, Gordon, Humphrey, 1-101, 2-101, R, R, NH, NH, 
S051, Daniel, Inouye, 1-101, 2-101, 1-102, 2-102, 1-103, 2-103, 1-104, 2-104, 1-105, 2-105, 1-106, 2-106, 1-107, 2-107, 1-108, 2-108, 1-109, 2-109, 1-110, 2-110, 1-111, 2-111, 1-112, 2-112, D, D, D, D, D, D, D, D, D, D, D, D, D, D, D, D, D, D, D, D, D, D, D, D, HI, HI, HI, HI, HI, HI, HI, HI, HI, HI, HI, HI, HI, HI, HI, HI, HI, HI, HI, HI, HI, HI, HI, HI, 
S204, James, Jeffords, 1-101, 2-101, 1-102, 2-102, 1-103, 2-103, 1-104, 2-104, 1-105, 2-105, 1-106, 2-106, 1-107, 2-107, 1-108, 2-108, 1-109, 2-109, R, R, R, R, R, R, R, R, R, R, R, R, R, I, I, I, I, I, VT, VT, VT, VT, VT, VT, VT, VT, VT, VT, VT, VT, VT, VT, VT, VT, VT, VT, 
S054, J., Johnston, 1-101, 2-101, 1-102, 2-102, 1-103, 2-103, 1-104, 2-104, D, D, D, D, D, D, D, D, LA, LA, LA, LA, LA, LA, LA, LA, 
S140, Nancy, Kassebaum, 1-101, 2-101, 1-102, 2-102, 1-103, 2-103, 1-104, 2-104, R, R, R, R, R, R, R, R, KS, KS, KS, KS, KS, KS, KS, KS, 
S155, Robert, Kasten, 1-101, 2-101, 1-102, 2-102, R, R, R, R, WI, WI, WI, WI, 
S055, Edward, Kennedy, 1-101, 2-101, 1-102, 2-102, 1-103, 2-103, 1-104, 2-104, 1-105, 2-105, 1-106, 2-106, 1-107, 2-107, 1-108, 2-108, 1-109, 2-109, 1-110, 2-110, 1-111, D, D, D, D, D, D, D, D, D, D, D, D, D, D, D, D, D, D, D, D, D, MA, MA, MA, MA, MA, MA, MA, MA, MA, MA, MA, MA, MA, MA, MA, MA, MA, MA, MA, MA, MA, 
S208, J., Kerrey, 1-101, 2-101, 1-102, 2-102, 1-103, 2-103, 1-104, 2-104, 1-105, 2-105, 1-106, 2-106, D, D, D, D, D, D, D, D, D, D, D, D, NE, NE, NE, NE, NE, NE, NE, NE, NE, NE, NE, NE, 
S173, John, Kerry, 1-101, 2-101, 1-102, 2-102, 1-103, 2-103, 1-104, 2-104, 1-105, 2-105, 1-106, 2-106, 1-107, 2-107, 1-108, 2-108, 1-109, 2-109, 1-110, 2-110, 1-111, 2-111, 1-112, 2-112, 1-113, D, D, D, D, D, D, D, D, D, D, D, D, D, D, D, D, D, D, D, D, D, D, D, D, D, MA, MA, MA, MA, MA, MA, MA, MA, MA, MA, MA, MA, MA, MA, MA, MA, MA, MA, MA, MA, MA, MA, MA, MA, MA, 
S209, Herb, Kohl, 1-101, 2-101, 1-102, 2-102, 1-103, 2-103, 1-104, 2-104, 1-105, 2-105, 1-106, 2-106, 1-107, 2-107, 1-108, 2-108, 1-109, 2-109, 1-110, 2-110, 1-111, 2-111, 1-112, 2-112, D, D, D, D, D, D, D, D, D, D, D, D, D, D, D, D, D, D, D, D, D, D, D, D, WI, WI, WI, WI, WI, WI, WI, WI, WI, WI, WI, WI, WI, WI, WI, WI, WI, WI, WI, WI, WI, WI, WI, WI, 
S166, Frank, Lautenberg, 1-101, 2-101, 1-102, 2-102, 1-103, 2-103, 1-104, 2-104, 1-105, 2-105, 1-106, 2-106, 1-108, 2-108, 1-109, 2-109, 1-110, 2-110, 1-111, 2-111, 1-112, 2-112, 1-113, D, D, D, D, D, D, D, D, D, D, D, D, D, D, D, D, D, D, D, D, D, D, D, NJ, NJ, NJ, NJ, NJ, NJ, NJ, NJ, NJ, NJ, NJ, NJ, NJ, NJ, NJ, NJ, NJ, NJ, NJ, NJ, NJ, NJ, NJ, 
S057, Patrick, Leahy, 1-101, 2-101, 1-102, 2-102, 1-103, 2-103, 1-104, 2-104, 1-105, 2-105, 1-106, 2-106, 1-107, 2-107, 1-108, 2-108, 1-109, 2-109, 1-110, 2-110, 1-111, 2-111, 1-112, 2-112, 1-113, 2-113, 1-114, 2-114, 1-115, 2-115, 1-116, 2-116, 1-117, 2-117, D, D, D, D, D, D, D, D, D, D, D, D, D, D, D, D, D, D, D, D, D, D, D, D, D, D, D, D, D, D, D, D, D, D, VT, VT, VT, VT, VT, VT, VT, VT, VT, VT, VT, VT, VT, VT, VT, VT, VT, VT, VT, VT, VT, VT, VT, VT, VT, VT, VT, VT, VT, VT, VT, VT, VT, VT, 
S131, Carl, Levin, 1-101, 2-101, 1-102, 2-102, 1-103, 2-103, 1-104, 2-104, 1-105, 2-105, 1-106, 2-106, 1-107, 2-107, 1-108, 2-108, 1-109, 2-109, 1-110, 2-110, 1-111, 2-111, 1-112, 2-112, 1-113, 2-113, D, D, D, D, D, D, D, D, D, D, D, D, D, D, D, D, D, D, D, D, D, D, D, D, D, D, MI, MI, MI, MI, MI, MI, MI, MI, MI, MI, MI, MI, MI, MI, MI, MI, MI, MI, MI, MI, MI, MI, MI, MI, MI, MI, 
S210, Joseph, Lieberman, 1-101, 2-101, 1-102, 2-102, 1-103, 2-103, 1-104, 2-104, 1-105, 2-105, 1-106, 2-106, 1-107, 2-107, 1-108, 2-108, 1-109, 2-109, D, D, D, D, D, D, D, D, D, D, D, D, D, D, D, D, D, D, CT, CT, CT, CT, CT, CT, CT, CT, CT, CT, CT, CT, CT, CT, CT, CT, CT, CT, 
S203, Trent, Lott, 1-101, 2-101, 1-102, 2-102, 1-103, 2-103, 1-104, 2-104, 1-105, 2-105, 1-106, 2-106, 1-107, 2-107, 1-108, 2-108, 1-109, 2-109, 1-110, R, R, R, R, R, R, R, R, R, R, R, R, R, R, R, R, R, R, R, MS, MS, MS, MS, MS, MS, MS, MS, MS, MS, MS, MS, MS, MS, MS, MS, MS, MS, MS, 
S105, Richard, Lugar, 1-101, 2-101, 1-102, 2-102, 1-103, 2-103, 1-104, 2-104, 1-105, 2-105, 1-106, 2-106, 1-107, 2-107, 1-108, 2-108, 1-109, 2-109, 1-110, 2-110, 1-111, 2-111, 1-112, 2-112, R, R, R, R, R, R, R, R, R, R, R, R, R, R, R, R, R, R, R, R, R, R, R, R, IN, IN, IN, IN, IN, IN, IN, IN, IN, IN, IN, IN, IN, IN, IN, IN, IN, IN, IN, IN, IN, IN, IN, IN, 
S205, Connie, Mack, 1-101, 2-101, 1-102, 2-102, 1-103, 2-103, 1-104, 2-104, 1-105, 2-105, 1-106, 2-106, R, R, R, R, R, R, R, R, R, R, R, R, FL, FL, FL, FL, FL, FL, FL, FL, FL, FL, FL, FL, 
S104, Spark, Matsunaga, 1-101, 2-101, D, D, HI, HI, 
S197, John, McCain, 1-101, 2-101, 1-102, 2-102, 1-103, 2-103, 1-104, 2-104, 1-105, 2-105, 1-106, 2-106, 1-107, 2-107, 1-108, 2-108, 1-109, 2-109, 1-110, 2-110, 1-111, 2-111, 1-112, 2-112, 1-113, 2-113, 1-114, 2-114, 1-115, 2-115, R, R, R, R, R, R, R, R, R, R, R, R, R, R, R, R, R, R, R, R, R, R, R, R, R, R, R, R, R, R, AZ, AZ, AZ, AZ, AZ, AZ, AZ, AZ, AZ, AZ, AZ, AZ, AZ, AZ, AZ, AZ, AZ, AZ, AZ, AZ, AZ, AZ, AZ, AZ, AZ, AZ, AZ, AZ, AZ, AZ, 
S063, James, McClure, 1-101, 2-101, R, R, ID, ID, 
S174, Mitch, McConnell, 1-101, 2-101, 1-102, 2-102, 1-103, 2-103, 1-104, 2-104, 1-105, 2-105, 1-106, 2-106, 1-107, 2-107, 1-108, 2-108, 1-109, 2-109, 1-110, 2-110, 1-111, 2-111, 1-112, 2-112, 1-113, 2-113, 1-114, 2-114, 1-115, 2-115, 1-116, 2-116, 1-117, 2-117, 1-118, R, R, R, R, R, R, R, R, R, R, R, R, R, R, R, R, R, R, R, R, R, R, R, R, R, R, R, R, R, R, R, R, R, R, R, KY, KY, KY, KY, KY, KY, KY, KY, KY, KY, KY, KY, KY, KY, KY, KY, KY, KY, KY, KY, KY, KY, KY, KY, KY, KY, KY, KY, KY, KY, KY, KY, KY, KY, KY, 
S114, Howard, Metzenbaum, 1-101, 2-101, 1-102, 2-102, 1-103, 2-103, D, D, D, D, D, D, OH, OH, OH, OH, OH, OH, 
S182, Barbara, Mikulski, 1-101, 2-101, 1-102, 2-102, 1-103, 2-103, 1-104, 2-104, 1-105, 2-105, 1-106, 2-106, 1-107, 2-107, 1-108, 2-108, 1-109, 2-109, 1-110, 2-110, 1-111, 2-111, 1-112, 2-112, 1-113, 2-113, 1-114, 2-114, D, D, D, D, D, D, D, D, D, D, D, D, D, D, D, D, D, D, D, D, D, D, D, D, D, D, D, D, MD, MD, MD, MD, MD, MD, MD, MD, MD, MD, MD, MD, MD, MD, MD, MD, MD, MD, MD, MD, MD, MD, MD, MD, MD, MD, MD, MD, 
S144, George, Mitchell, 1-101, 2-101, 1-102, 2-102, 1-103, 2-103, D, D, D, D, D, D, ME, ME, ME, ME, ME, ME, 
S113, Daniel, Moynihan, 1-101, 2-101, 1-102, 2-102, 1-103, 2-103, 1-104, 2-104, 1-105, 2-105, 1-106, 2-106, D, D, D, D, D, D, D, D, D, D, D, D, NY, NY, NY, NY, NY, NY, NY, NY, NY, NY, NY, NY, 
S157, Frank, Murkowski, 1-101, 2-101, 1-102, 2-102, 1-103, 2-103, 1-104, 2-104, 1-105, 2-105, 1-106, 2-106, 1-107, 2-107, R, R, R, R, R, R, R, R, R, R, R, R, R, R, AK, AK, AK, AK, AK, AK, AK, AK, AK, AK, AK, AK, AK, AK, 
S158, Don, Nickles, 1-101, 2-101, 1-102, 2-102, 1-103, 2-103, 1-104, 2-104, 1-105, 2-105, 1-106, 2-106, 1-107, 2-107, 1-108, 2-108, R, R, R, R, R, R, R, R, R, R, R, R, R, R, R, R, OK, OK, OK, OK, OK, OK, OK, OK, OK, OK, OK, OK, OK, OK, OK, OK, 
S074, Sam, Nunn, 1-101, 2-101, 1-102, 2-102, 1-103, 2-103, 1-104, 2-104, D, D, D, D, D, D, D, D, GA, GA, GA, GA, GA, GA, GA, GA, 
S075, Bob, Packwood, 1-101, 2-101, 1-102, 2-102, 1-103, 2-103, 1-104, R, R, R, R, R, R, R, OR, OR, OR, OR, OR, OR, OR, 
S078, Claiborne, Pell, 1-101, 2-101, 1-102, 2-102, 1-103, 2-103, 1-104, 2-104, D, D, D, D, D, D, D, D, RI, RI, RI, RI, RI, RI, RI, RI, 
S141, Larry, Pressler, 1-101, 2-101, 1-102, 2-102, 1-103, 2-103, 1-104, 2-104, R, R, R, R, R, R, R, R, SD, SD, SD, SD, SD, SD, SD, SD, 
S125, David, Pryor, 1-101, 2-101, 1-102, 2-102, 1-103, 2-103, 1-104, 2-104, D, D, D, D, D, D, D, D, AR, AR, AR, AR, AR, AR, AR, AR, 
S198, Harry, Reid, 1-101, 2-101, 1-102, 2-102, 1-103, 2-103, 1-104, 2-104, 1-105, 2-105, 1-106, 2-106, 1-107, 2-107, 1-108, 2-108, 1-109, 2-109, 1-110, 2-110, 1-111, 2-111, 1-112, 2-112, 1-113, 2-113, 1-114, 2-114, D, D, D, D, D, D, D, D, D, D, D, D, D, D, D, D, D, D, D, D, D, D, D, D, D, D, D, D, NV, NV, NV, NV, NV, NV, NV, NV, NV, NV, NV, NV, NV, NV, NV, NV, NV, NV, NV, NV, NV, NV, NV, NV, NV, NV, NV, NV, 
S107, Donald, Riegle, 1-101, 2-101, 1-102, 2-102, 1-103, 2-103, D, D, D, D, D, D, MI, MI, MI, MI, MI, MI, 
S207, Charles, Robb, 1-101, 2-101, 1-102, 2-102, 1-103, 2-103, 1-104, 2-104, 1-105, 2-105, 1-106, 2-106, D, D, D, D, D, D, D, D, D, D, D, D, VA, VA, VA, VA, VA, VA, VA, VA, VA, VA, VA, VA, 
S176, John, Rockefeller, 1-101, 2-101, 1-102, 2-102, 1-103, 2-103, 1-104, 2-104, 1-105, 2-105, 1-106, 2-106, 1-107, 2-107, 1-108, D, D, D, D, D, D, D, D, D, D, D, D, D, D, D, WV, WV, WV, WV, WV, WV, WV, WV, WV, WV, WV, WV, WV, WV, WV, 
S083, William, Roth, 1-101, 2-101, 1-102, 2-102, 1-103, 2-103, 1-104, 2-104, 1-105, 2-105, 1-106, 2-106, R, R, R, R, R, R, R, R, R, R, R, R, DE, DE, DE, DE, DE, DE, DE, DE, DE, DE, DE, DE, 
S160, Warren, Rudman, 1-101, 2-101, 1-102, 2-102, R, R, R, R, NH, NH, NH, NH, 
S178, Terry, Sanford, 1-101, 2-101, 1-102, 2-102, D, D, D, D, NC, NC, NC, NC, 
S106, Paul, Sarbanes, 1-101, 2-101, 1-102, 2-102, 1-103, 2-103, 1-104, 2-104, 1-105, 2-105, 1-106, 2-106, 1-107, 2-107, 1-108, 2-108, 1-109, 2-109, D, D, D, D, D, D, D, D, D, D, D, D, D, D, D, D, D, D, MD, MD, MD, MD, MD, MD, MD, MD, MD, MD, MD, MD, MD, MD, MD, MD, MD, MD, 
S117, Jim, Sasser, 1-101, 2-101, 1-102, 2-102, 1-103, 2-103, D, D, D, D, D, D, TN, TN, TN, TN, TN, TN, 
S184, Richard, Shelby, 1-101, 2-101, 1-102, 2-102, 1-103, 2-103, 1-104, 2-104, 1-105, 2-105, 1-106, 2-106, 1-107, 2-107, 1-108, 2-108, 1-109, 2-109, 1-110, 2-110, 1-111, 2-111, 1-112, 2-112, 1-113, 2-113, 1-114, 2-114, 1-115, 2-115, 1-116, 2-116, 1-117, 2-117, D, D, D, D, D, D, R, R, R, R, R, R, R, R, R, R, R, R, R, R, R, R, R, R, R, R, R, R, R, R, R, R, R, R, AL, AL, AL, AL, AL, AL, AL, AL, AL, AL, AL, AL, AL, AL, AL, AL, AL, AL, AL, AL, AL, AL, AL, AL, AL, AL, AL, AL, AL, AL, AL, AL, AL, AL, 
S175, Paul, Simon, 1-101, 2-101, 1-102, 2-102, 1-103, 2-103, 1-104, 2-104, D, D, D, D, D, D, D, D, IL, IL, IL, IL, IL, IL, IL, IL, 
S142, Alan, Simpson, 1-101, 2-101, 1-102, 2-102, 1-103, 2-103, 1-104, 2-104, R, R, R, R, R, R, R, R, WY, WY, WY, WY, WY, WY, WY, WY, 
S161, Arlen, Specter, 1-101, 2-101, 1-102, 2-102, 1-103, 2-103, 1-104, 2-104, 1-105, 2-105, 1-106, 2-106, 1-107, 2-107, 1-108, 2-108, 1-109, 2-109, 1-110, 2-110, 1-111, 2-111, R, R, R, R, R, R, R, R, R, R, R, R, R, R, R, R, R, R, R, R, R, D, PA, PA, PA, PA, PA, PA, PA, PA, PA, PA, PA, PA, PA, PA, PA, PA, PA, PA, PA, PA, PA, PA, 
S090, Ted, Stevens, 1-101, 2-101, 1-102, 2-102, 1-103, 2-103, 1-104, 2-104, 1-105, 2-105, 1-106, 2-106, 1-107, 2-107, 1-108, 2-108, 1-109, 2-109, 1-110, 2-110, R, R, R, R, R, R, R, R, R, R, R, R, R, R, R, R, R, R, R, R, AK, AK, AK, AK, AK, AK, AK, AK, AK, AK, AK, AK, AK, AK, AK, AK, AK, AK, AK, AK, 
S162, Steve, Symms, 1-101, 2-101, 1-102, 2-102, R, R, R, R, ID, ID, ID, ID, 
S096, Strom, Thurmond, 1-101, 2-101, 1-102, 2-102, 1-103, 2-103, 1-104, 2-104, 1-105, 2-105, 1-106, 2-106, 1-107, 2-107, R, R, R, R, R, R, R, R, R, R, R, R, R, R, SC, SC, SC, SC, SC, SC, SC, SC, SC, SC, SC, SC, SC, SC, 
S119, Malcolm, Wallop, 1-101, 2-101, 1-102, 2-102, 1-103, 2-103, R, R, R, R, R, R, WY, WY, WY, WY, WY, WY, 
S143, John, Warner, 1-101, 2-101, 1-102, 2-102, 1-103, 2-103, 1-104, 2-104, 1-105, 2-105, 1-106, 2-106, 1-107, 2-107, 1-108, 2-108, 1-109, 2-109, 1-110, 2-110, R, R, R, R, R, R, R, R, R, R, R, R, R, R, R, R, R, R, R, R, VA, VA, VA, VA, VA, VA, VA, VA, VA, VA, VA, VA, VA, VA, VA, VA, VA, VA, VA, VA, 
S165, Pete, Wilson, 1-101, 2-101, R, R, CA, CA, 
S181, Timothy, Wirth, 1-101, 2-101, 1-102, 2-102, D, D, D, D, CO, CO, CO, CO, 
S213, Daniel, Akaka, 2-101, 1-102, 2-102, 1-103, 2-103, 1-104, 2-104, 1-105, 2-105, 1-106, 2-106, 1-107, 2-107, 1-108, 2-108, 1-109, 2-109, 1-110, 2-110, 1-111, 2-111, 1-112, 2-112, D, D, D, D, D, D, D, D, D, D, D, D, D, D, D, D, D, D, D, D, D, D, D, HI, HI, HI, HI, HI, HI, HI, HI, HI, HI, HI, HI, HI, HI, HI, HI, HI, HI, HI, HI, HI, HI, HI, 
S214, Hank, Brown, 1-102, 2-102, 1-103, 2-103, 1-104, 2-104, R, R, R, R, R, R, CO, CO, CO, CO, CO, CO, 
S215, Larry, Craig, 1-102, 2-102, 1-103, 2-103, 1-104, 2-104, 1-105, 2-105, 1-106, 2-106, 1-107, 2-107, 1-108, 2-108, 1-109, 2-109, 1-110, 2-110, R, R, R, R, R, R, R, R, R, R, R, R, R, R, R, R, R, R, ID, ID, ID, ID, ID, ID, ID, ID, ID, ID, ID, ID, ID, ID, ID, ID, ID, ID, 
S218, John, Seymour, 1-102, 2-102, R, R, CA, CA, 
S216, Bob, Smith, 1-102, 2-102, 1-103, 2-103, 1-104, 2-104, 1-105, 2-105, 1-106, 2-106, 1-107, 2-107, R, R, R, R, R, R, R, R, R, R, R, R, NH, NH, NH, NH, NH, NH, NH, NH, NH, NH, NH, NH, 
S217, Paul, Wellstone, 1-102, 2-102, 1-103, 2-103, 1-104, 2-104, 1-105, 2-105, 1-106, 2-106, 1-107, 2-107, D, D, D, D, D, D, D, D, D, D, D, D, MN, MN, MN, MN, MN, MN, MN, MN, MN, MN, MN, MN, 
S219, Harris, Wofford, 1-102, 2-102, 1-103, 2-103, D, D, D, D, PA, PA, PA, PA, 
S220, Jocelyn, Burdick, 2-102, D, ND, 
S231, Robert, Bennett, 1-103, 2-103, 1-104, 2-104, 1-105, 2-105, 1-106, 2-106, 1-107, 2-107, 1-108, 2-108, 1-109, 2-109, 1-110, 2-110, 1-111, 2-111, R, R, R, R, R, R, R, R, R, R, R, R, R, R, R, R, R, R, UT, UT, UT, UT, UT, UT, UT, UT, UT, UT, UT, UT, UT, UT, UT, UT, UT, UT, 
S223, Barbara, Boxer, 1-103, 2-103, 1-104, 2-104, 1-105, 2-105, 1-106, 2-106, 1-107, 2-107, 1-108, 2-108, 1-109, 2-109, 1-110, 2-110, 1-111, 2-111, 1-112, 2-112, 1-113, 2-113, 1-114, 2-114, D, D, D, D, D, D, D, D, D, D, D, D, D, D, D, D, D, D, D, D, D, D, D, D, CA, CA, CA, CA, CA, CA, CA, CA, CA, CA, CA, CA, CA, CA, CA, CA, CA, CA, CA, CA, CA, CA, CA, CA, 
S225, Ben, Campbell, 1-103, 2-103, 1-104, 2-104, 1-105, 2-105, 1-106, 2-106, 1-107, 2-107, 1-108, 2-108, D, D, D, R, R, R, R, R, R, R, R, R, CO, CO, CO, CO, CO, CO, CO, CO, CO, CO, CO, CO, 
S228, Paul, Coverdell, 1-103, 2-103, 1-104, 2-104, 1-105, 2-105, 1-106, 2-106, R, R, R, R, R, R, R, R, GA, GA, GA, GA, GA, GA, GA, GA, 
S222, Byron, Dorgan, 1-103, 2-103, 1-104, 2-104, 1-105, 2-105, 1-106, 2-106, 1-107, 2-107, 1-108, 2-108, 1-109, 2-109, 1-110, 2-110, 1-111, 2-111, D, D, D, D, D, D, D, D, D, D, D, D, D, D, D, D, D, D, ND, ND, ND, ND, ND, ND, ND, ND, ND, ND, ND, ND, ND, ND, ND, ND, ND, ND, 
S227, Lauch, Faircloth, 1-103, 2-103, 1-104, 2-104, 1-105, 2-105, R, R, R, R, R, R, NC, NC, NC, NC, NC, NC, 
S230, Russell, Feingold, 1-103, 2-103, 1-104, 2-104, 1-105, 2-105, 1-106, 2-106, 1-107, 2-107, 1-108, 2-108, D, D, D, D, D, D, D, D, D, D, D, D, WI, WI, WI, WI, WI, WI, WI, WI, WI, WI, WI, WI, 
S221, Dianne, Feinstein, 1-103, 2-103, 1-104, 2-104, 1-105, 2-105, 1-106, 2-106, 1-107, 2-107, 1-108, 2-108, 1-109, 2-109, 1-110, 2-110, 1-111, 2-111, 1-112, 2-112, 1-113, 2-113, 1-114, 2-114, 1-115, 2-115, 1-116, 2-116, 1-117, 2-117, 1-118, D, D, D, D, D, D, D, D, D, D, D, D, D, D, D, D, D, D, D, D, D, D, D, D, D, D, D, D, D, D, D, CA, CA, CA, CA, CA, CA, CA, CA, CA, CA, CA, CA, CA, CA, CA, CA, CA, CA, CA, CA, CA, CA, CA, CA, CA, CA, CA, CA, CA, CA, CA, 
S224, Judd, Gregg, 1-103, 2-103, 1-104, 2-104, 1-105, 2-105, 1-106, 2-106, 1-107, 2-107, 1-108, 2-108, 1-109, 2-109, 1-110, 2-110, 1-111, 2-111, R, R, R, R, R, R, R, R, R, R, R, R, R, R, R, R, R, R, NH, NH, NH, NH, NH, NH, NH, NH, NH, NH, NH, NH, NH, NH, NH, NH, NH, NH, 
S232, Dirk, Kempthorne, 1-103, 2-103, 1-104, 2-104, 1-105, 2-105, R, R, R, R, R, R, ID, ID, ID, ID, ID, ID, 
S234, Bob, Krueger, 1-103, D, TX, 
S233, Harlan, Mathews, 1-103, 2-103, D, D, TN, TN, 
S226, Carol, Moseley-Braun, 1-103, 2-103, 1-104, 2-104, 1-105, 2-105, D, D, D, D, D, D, IL, IL, IL, IL, IL, IL, 
S229, Patty, Murray, 1-103, 2-103, 1-104, 2-104, 1-105, 2-105, 1-106, 2-106, 1-107, 2-107, 1-108, 2-108, 1-109, 2-109, 1-110, 2-110, 1-111, 2-111, 1-112, 2-112, 1-113, 2-113, 1-114, 2-114, 1-115, 2-115, 1-116, 2-116, 1-117, 2-117, 1-118, D, D, D, D, D, D, D, D, D, D, D, D, D, D, D, D, D, D, D, D, D, D, D, D, D, D, D, D, D, D, D, WA, WA, WA, WA, WA, WA, WA, WA, WA, WA, WA, WA, WA, WA, WA, WA, WA, WA, WA, WA, WA, WA, WA, WA, WA, WA, WA, WA, WA, WA, WA, 
S235, Kay, Hutchison, 1-103, 2-103, 1-104, 2-104, 1-105, 2-105, 1-106, 2-106, 1-107, 2-107, 1-108, 2-108, 1-109, 2-109, 1-110, 2-110, 1-111, 2-111, 1-112, 2-112, R, R, R, R, R, R, R, R, R, R, R, R, R, R, R, R, R, R, R, R, TX, TX, TX, TX, TX, TX, TX, TX, TX, TX, TX, TX, TX, TX, TX, TX, TX, TX, TX, TX, 
S236, James, Inhofe, 2-103, 1-104, 2-104, 1-105, 2-105, 1-106, 2-106, 1-107, 2-107, 1-108, R, R, R, R, R, R, R, R, R, R, OK, OK, OK, OK, OK, OK, OK, OK, OK, OK, 
S238, Spencer, Abraham, 1-104, 2-104, 1-105, 2-105, 1-106, 2-106, R, R, R, R, R, R, MI, MI, MI, MI, MI, MI, 
S239, John, Ashcroft, 1-104, 2-104, 1-105, 2-105, 1-106, 2-106, R, R, R, R, R, R, MO, MO, MO, MO, MO, MO, 
S240, Mike, DeWine, 1-104, 2-104, 1-105, 2-105, 1-106, 2-106, 1-107, 2-107, 1-108, 2-108, 1-109, 2-109, R, R, R, R, R, R, R, R, R, R, R, R, OH, OH, OH, OH, OH, OH, OH, OH, OH, OH, OH, OH, 
S241, Bill, Frist, 1-104, 2-104, 1-105, 2-105, 1-106, 2-106, 1-107, 2-107, 1-108, 2-108, 1-109, 2-109, R, R, R, R, R, R, R, R, R, R, R, R, TN, TN, TN, TN, TN, TN, TN, TN, TN, TN, TN, TN, 
S242, Rod, Grams, 1-104, 2-104, 1-105, 2-105, 1-106, 2-106, R, R, R, R, R, R, MN, MN, MN, MN, MN, MN, 
S243, Jon, Kyl, 1-104, 2-104, 1-105, 2-105, 1-106, 2-106, 1-107, 2-107, 1-108, 2-108, 1-109, 2-109, 1-110, 2-110, 1-111, 2-111, 1-112, 2-112, 2-115, R, R, R, R, R, R, R, R, R, R, R, R, R, R, R, R, R, R, R, AZ, AZ, AZ, AZ, AZ, AZ, AZ, AZ, AZ, AZ, AZ, AZ, AZ, AZ, AZ, AZ, AZ, AZ, AZ, 
S244, Rick, Santorum, 1-104, 2-104, 1-105, 2-105, 1-106, 2-106, 1-107, 2-107, 1-108, 2-108, 1-109, 2-109, R, R, R, R, R, R, R, R, R, R, R, R, PA, PA, PA, PA, PA, PA, PA, PA, PA, PA, PA, PA, 
S245, Olympia, Snowe, 1-104, 2-104, 1-105, 2-105, 1-106, 2-106, 1-107, 2-107, 1-108, 2-108, 1-109, 2-109, 1-110, 2-110, 1-111, 2-111, 1-112, 2-112, R, R, R, R, R, R, R, R, R, R, R, R, R, R, R, R, R, R, ME, ME, ME, ME, ME, ME, ME, ME, ME, ME, ME, ME, ME, ME, ME, ME, ME, ME, 
S246, Craig, Thomas, 1-104, 2-104, 1-105, 2-105, 1-106, 2-106, 1-107, 2-107, 1-108, 2-108, 1-109, 2-109, 1-110, R, R, R, R, R, R, R, R, R, R, R, R, R, WY, WY, WY, WY, WY, WY, WY, WY, WY, WY, WY, WY, WY, 
S237, Fred, Thompson, 1-104, 2-104, 1-105, 2-105, 1-106, 2-106, 1-107, 2-107, R, R, R, R, R, R, R, R, TN, TN, TN, TN, TN, TN, TN, TN, 
S247, Ron, Wyden, 2-104, 1-105, 2-105, 1-106, 2-106, 1-107, 2-107, 1-108, 2-108, 1-109, 2-109, 1-110, 2-110, 1-111, 2-111, 1-112, 2-112, 1-113, 2-113, 1-114, 2-114, 1-115, 2-115, 1-116, 2-116, 1-117, 2-117, 1-118, D, D, D, D, D, D, D, D, D, D, D, D, D, D, D, D, D, D, D, D, D, D, D, D, D, D, D, D, OR, OR, OR, OR, OR, OR, OR, OR, OR, OR, OR, OR, OR, OR, OR, OR, OR, OR, OR, OR, OR, OR, OR, OR, OR, OR, OR, OR, 
S248, Sheila, Frahm, 2-104, R, KS, 
S250, Wayne, Allard, 1-105, 2-105, 1-106, 2-106, 1-107, 2-107, 1-108, R, R, R, R, R, R, R, CO, CO, CO, CO, CO, CO, CO, 
S249, Sam, Brownback, 1-105, 2-105, 1-106, 2-106, 1-107, 2-107, 1-108, 2-108, R, R, R, R, R, R, R, R, KS, KS, KS, KS, KS, KS, KS, KS, 
S251, Max, Cleland, 1-105, 2-105, 1-106, 2-106, 1-107, 2-107, D, D, D, D, D, D, GA, GA, GA, GA, GA, GA, 
S252, Susan, Collins, 1-105, 2-105, 1-106, 2-106, 1-107, 2-107, 1-108, 2-108, 1-109, 2-109, 1-110, 2-110, 1-111, 2-111, 1-112, 2-112, 1-113, 2-113, 1-114, 2-114, 1-115, 2-115, 1-116, 2-116, 1-117, 2-117, 1-118, R, R, R, R, R, R, R, R, R, R, R, R, R, R, R, R, R, R, R, R, R, R, R, R, R, R, R, ME, ME, ME, ME, ME, ME, ME, ME, ME, ME, ME, ME, ME, ME, ME, ME, ME, ME, ME, ME, ME, ME, ME, ME, ME, ME, ME, 
S253, Richard, Durbin, 1-105, 2-105, 1-106, 2-106, 1-107, 2-107, 1-108, 2-108, 1-109, 2-109, 1-110, 2-110, 1-111, 2-111, 1-112, 2-112, 1-113, 2-113, 1-114, 2-114, 1-115, 2-115, 1-116, 2-116, 1-117, 2-117, 1-118, D, D, D, D, D, D, D, D, D, D, D, D, D, D, D, D, D, D, D, D, D, D, D, D, D, D, D, IL, IL, IL, IL, IL, IL, IL, IL, IL, IL, IL, IL, IL, IL, IL, IL, IL, IL, IL, IL, IL, IL, IL, IL, IL, IL, IL, 
S254, Michael, Enzi, 1-105, 2-105, 1-106, 2-106, 1-107, 2-107, 1-108, 2-108, 1-109, 2-109, 1-110, 2-110, 1-111, 2-111, 1-112, 2-112, 1-113, 2-113, R, R, R, R, R, R, R, R, R, R, R, R, R, R, R, R, R, R, WY, WY, WY, WY, WY, WY, WY, WY, WY, WY, WY, WY, WY, WY, WY, WY, WY, WY, 
S255, Chuck, Hagel, 1-105, 2-105, 1-106, 2-106, 1-107, 2-107, 1-108, 2-108, 1-109, 2-109, 1-110, 2-110, R, R, R, R, R, R, R, R, R, R, R, R, NE, NE, NE, NE, NE, NE, NE, NE, NE, NE, NE, NE, 
S256, Tim, Hutchinson, 1-105, 2-105, 1-106, 2-106, 1-107, 2-107, R, R, R, R, R, R, AR, AR, AR, AR, AR, AR, 
S257, Tim, Johnson, 1-105, 2-105, 1-106, 2-106, 1-107, 2-107, 1-108, 2-108, 1-109, 2-109, 1-110, 2-110, 1-111, 2-111, 1-112, 2-112, 1-113, 2-113, D, D, D, D, D, D, D, D, D, D, D, D, D, D, D, D, D, D, SD, SD, SD, SD, SD, SD, SD, SD, SD, SD, SD, SD, SD, SD, SD, SD, SD, SD, 
S258, Mary, Landrieu, 1-105, 2-105, 1-106, 2-106, 1-107, 2-107, 1-108, 2-108, 1-109, 2-109, 1-110, 2-110, 1-111, 2-111, 1-112, 2-112, 1-113, 2-113, D, D, D, D, D, D, D, D, D, D, D, D, D, D, D, D, D, D, LA, LA, LA, LA, LA, LA, LA, LA, LA, LA, LA, LA, LA, LA, LA, LA, LA, LA, 
S259, Jack, Reed, 1-105, 2-105, 1-106, 2-106, 1-107, 2-107, 1-108, D, D, D, D, D, D, D, RI, RI, RI, RI, RI, RI, RI, 
S260, Pat, Roberts, 1-105, 2-105, 1-106, 2-106, 1-107, 2-107, 1-108, 2-108, 1-109, 2-109, 1-110, 2-110, 1-111, 2-111, 1-112, 2-112, 1-113, 2-113, 1-114, 2-114, 1-115, 2-115, 1-116, 2-116, R, R, R, R, R, R, R, R, R, R, R, R, R, R, R, R, R, R, R, R, R, R, R, R, KS, KS, KS, KS, KS, KS, KS, KS, KS, KS, KS, KS, KS, KS, KS, KS, KS, KS, KS, KS, KS, KS, KS, KS, 
S261, Jeff, Sessions, 1-105, 2-105, 1-106, 2-106, 1-107, 2-107, 1-108, 2-108, 1-109, 2-109, 1-110, 2-110, 1-111, 2-111, 1-112, 2-112, 1-113, 2-113, R, R, R, R, R, R, R, R, R, R, R, R, R, R, R, R, R, R, AL, AL, AL, AL, AL, AL, AL, AL, AL, AL, AL, AL, AL, AL, AL, AL, AL, AL, 
S262, Gordon, Smith, 1-105, 2-105, 1-106, 2-106, 1-107, 2-107, 1-108, 2-108, 1-109, 2-109, 1-110, 2-110, R, R, R, R, R, R, R, R, R, R, R, R, OR, OR, OR, OR, OR, OR, OR, OR, OR, OR, OR, OR, 
S263, Robert, Torricelli, 1-105, 2-105, 1-106, 2-106, 1-107, 2-107, D, D, D, D, D, D, NJ, NJ, NJ, NJ, NJ, NJ, 
S264, Evan, Bayh, 1-106, 2-106, 1-107, 2-107, 1-108, 2-108, 1-109, 2-109, 1-110, 2-110, 1-111, 2-111, D, D, D, D, D, D, D, D, D, D, D, D, IN, IN, IN, IN, IN, IN, IN, IN, IN, IN, IN, IN, 
S265, Jim, Bunning, 1-106, 2-106, 1-107, 2-107, 1-108, 2-108, 1-109, 2-109, 1-110, 2-110, 1-111, 2-111, R, R, R, R, R, R, R, R, R, R, R, R, KY, KY, KY, KY, KY, KY, KY, KY, KY, KY, KY, KY, 
S266, Michael, Crapo, 1-106, 2-106, 1-107, 2-107, 1-108, 2-108, R, R, R, R, R, R, ID, ID, ID, ID, ID, ID, 
S267, John, Edwards, 1-106, 2-106, 1-107, 2-107, 1-108, 2-108, D, D, D, D, D, D, NC, NC, NC, NC, NC, NC, 
S268, Peter, Fitzgerald, 1-106, 2-106, 1-107, 2-107, 1-108, 2-108, R, R, R, R, R, R, IL, IL, IL, IL, IL, IL, 
S269, Blanche, Lincoln, 1-106, 2-106, 1-107, 2-107, 1-108, 2-108, 1-109, 2-109, 1-110, 2-110, 1-111, 2-111, D, D, D, D, D, D, D, D, D, D, D, D, AR, AR, AR, AR, AR, AR, AR, AR, AR, AR, AR, AR, 
S270, Charles, Schumer, 1-106, 2-106, 1-107, 2-107, 1-108, 2-108, 1-109, 2-109, 1-110, 2-110, 1-111, 2-111, 1-112, 2-112, 1-113, 2-113, 1-114, 2-114, 1-115, 2-115, 1-116, 2-116, 1-117, 2-117, 1-118, D, D, D, D, D, D, D, D, D, D, D, D, D, D, D, D, D, D, D, D, D, D, D, D, D, NY, NY, NY, NY, NY, NY, NY, NY, NY, NY, NY, NY, NY, NY, NY, NY, NY, NY, NY, NY, NY, NY, NY, NY, NY, 
S271, George, Voinovich, 1-106, 2-106, 1-107, 2-107, 1-108, 2-108, 1-109, 2-109, 1-110, 2-110, 1-111, 2-111, R, R, R, R, R, R, R, R, R, R, R, R, OH, OH, OH, OH, OH, OH, OH, OH, OH, OH, OH, OH, 
S272, Lincoln, Chafee, 1-106, 2-106, 1-107, 2-107, 1-108, 2-108, 1-109, 2-109, R, R, R, R, R, R, R, R, RI, RI, RI, RI, RI, RI, RI, RI, 
S273, Zell, Miller, 2-106, 1-107, 2-107, 1-108, 2-108, D, D, D, D, D, GA, GA, GA, GA, GA, 
S274, George, Allen, 1-107, 2-107, 1-108, 2-108, 1-109, 2-109, R, R, R, R, R, R, VA, VA, VA, VA, VA, VA, 
S275, Maria, Cantwell, 1-107, 2-107, 1-108, 2-108, 1-109, 2-109, 1-110, 2-110, 1-111, 2-111, 1-112, 2-112, 1-113, 2-113, 1-114, 2-114, 1-115, 2-115, 1-116, 2-116, 1-117, 2-117, 1-118, D, D, D, D, D, D, D, D, D, D, D, D, D, D, D, D, D, D, D, D, D, D, D, WA, WA, WA, WA, WA, WA, WA, WA, WA, WA, WA, WA, WA, WA, WA, WA, WA, WA, WA, WA, WA, WA, WA, 
S276, Jean, Carnahan, 1-107, 2-107, D, D, MO, MO, 
S277, Thomas, Carper, 1-107, 2-107, 1-108, 2-108, 1-109, 2-109, 1-110, 2-110, 1-111, 2-111, 1-112, 2-112, 1-113, 2-113, 1-114, 2-114, 1-115, 2-115, 1-116, 2-116, 1-117, 2-117, 1-118, D, D, D, D, D, D, D, D, D, D, D, D, D, D, D, D, D, D, D, D, D, D, D, DE, DE, DE, DE, DE, DE, DE, DE, DE, DE, DE, DE, DE, DE, DE, DE, DE, DE, DE, DE, DE, DE, DE, 
S278, Hillary, Clinton, 1-107, 2-107, 1-108, 2-108, 1-109, 2-109, 1-110, 2-110, 1-111, D, D, D, D, D, D, D, D, D, NY, NY, NY, NY, NY, NY, NY, NY, NY, 
S279, Jon, Corzine, 1-107, 2-107, 1-108, 2-108, 1-109, D, D, D, D, D, NJ, NJ, NJ, NJ, NJ, 
S280, Mark, Dayton, 1-107, 2-107, 1-108, 2-108, 1-109, 2-109, D, D, D, D, D, D, MN, MN, MN, MN, MN, MN, 
S281, John, Ensign, 1-107, 2-107, 1-108, 2-108, 1-109, 2-109, 1-110, 2-110, 1-111, 2-111, 1-112, R, R, R, R, R, R, R, R, R, R, R, NV, NV, NV, NV, NV, NV, NV, NV, NV, NV, NV, 
S282, Bill, Nelson, 1-107, 2-107, 1-108, 2-108, 1-109, 2-109, 1-110, 2-110, 1-111, 2-111, 1-112, 2-112, 1-113, 2-113, 1-114, 2-114, 1-115, 2-115, D, D, D, D, D, D, D, D, D, D, D, D, D, D, D, D, D, D, FL, FL, FL, FL, FL, FL, FL, FL, FL, FL, FL, FL, FL, FL, FL, FL, FL, FL, 
S283, E., Nelson, 1-107, 2-107, 1-108, 2-108, 1-109, 2-109, 1-110, 2-110, 1-111, 2-111, 1-112, 2-112, D, D, D, D, D, D, D, D, D, D, D, D, NE, NE, NE, NE, NE, NE, NE, NE, NE, NE, NE, NE, 
S284, Debbie, Stabenow, 1-107, 2-107, 1-108, 2-108, 1-109, 2-109, 1-110, 2-110, 1-111, 2-111, 1-112, 2-112, 1-113, 2-113, 1-114, 2-114, 1-115, 2-115, 1-116, 2-116, 1-117, 2-117, 1-118, D, D, D, D, D, D, D, D, D, D, D, D, D, D, D, D, D, D, D, D, D, D, D, MI, MI, MI, MI, MI, MI, MI, MI, MI, MI, MI, MI, MI, MI, MI, MI, MI, MI, MI, MI, MI, MI, MI, 
S285, Dean, Barkley, 2-107, I, MN, 
S289, Lamar, Alexander, 1-108, 2-108, 1-109, 2-109, 1-110, 2-110, 1-111, 2-111, 1-112, 2-112, 1-113, 2-113, 1-114, 2-114, 1-115, 2-115, 1-116, 2-116, R, R, R, R, R, R, R, R, R, R, R, R, R, R, R, R, R, R, TN, TN, TN, TN, TN, TN, TN, TN, TN, TN, TN, TN, TN, TN, TN, TN, TN, TN, 
S290, Saxby, Chambliss, 1-108, 2-108, 1-109, 2-109, 1-110, 2-110, 1-111, 2-111, 1-112, 2-112, 1-113, 2-113, R, R, R, R, R, R, R, R, R, R, R, R, GA, GA, GA, GA, GA, GA, GA, GA, GA, GA, GA, GA, 
S291, Norm, Coleman, 1-108, 2-108, 1-109, 2-109, 1-110, 2-110, R, R, R, R, R, R, MN, MN, MN, MN, MN, MN, 
S287, John, Cornyn, 1-108, 2-108, 1-109, 2-109, 1-110, 2-110, 1-111, 2-111, 1-112, 2-112, 1-113, 2-113, 1-114, 2-114, 1-115, 2-115, 1-116, 2-116, 1-117, 2-117, 1-118, R, R, R, R, R, R, R, R, R, R, R, R, R, R, R, R, R, R, R, R, R, TX, TX, TX, TX, TX, TX, TX, TX, TX, TX, TX, TX, TX, TX, TX, TX, TX, TX, TX, TX, TX, 
S292, Elizabeth, Dole, 1-108, 2-108, 1-109, 2-109, 1-110, 2-110, R, R, R, R, R, R, NC, NC, NC, NC, NC, NC, 
S293, Lindsey, Graham, 1-108, 2-108, 1-109, 2-109, 1-110, 2-110, 1-111, 2-111, 1-112, 2-112, 1-113, 2-113, 1-114, 2-114, 1-115, 2-115, 1-116, 2-116, 1-117, 2-117, 1-118, R, R, R, R, R, R, R, R, R, R, R, R, R, R, R, R, R, R, R, R, R, SC, SC, SC, SC, SC, SC, SC, SC, SC, SC, SC, SC, SC, SC, SC, SC, SC, SC, SC, SC, SC, 
S288, Lisa, Murkowski, 1-108, 2-108, 1-109, 2-109, 1-110, 2-110, 1-111, 2-111, 1-112, 2-112, 1-113, 2-113, 1-114, 2-114, 1-115, 2-115, 1-116, 2-116, 1-117, 2-117, 1-118, R, R, R, R, R, R, R, R, R, R, R, R, R, R, R, R, R, R, R, R, R, AK, AK, AK, AK, AK, AK, AK, AK, AK, AK, AK, AK, AK, AK, AK, AK, AK, AK, AK, AK, AK, 
S295, Mark, Pryor, 1-108, 2-108, 1-109, 2-109, 1-110, 2-110, 1-111, 2-111, 1-112, 2-112, 1-113, 2-113, D, D, D, D, D, D, D, D, D, D, D, D, AR, AR, AR, AR, AR, AR, AR, AR, AR, AR, AR, AR, 
S296, John, Sununu, 1-108, 2-108, 1-109, 2-109, 1-110, 2-110, R, R, R, R, R, R, NH, NH, NH, NH, NH, NH, 
S286, Jim, Talent, 1-108, 2-108, 1-109, 2-109, R, R, R, R, MO, MO, MO, MO, 
S250, A., Allard, 1-108, 2-108, 1-109, 2-109, 1-110, 2-110, R, R, R, R, R, R, CO, CO, CO, CO, CO, CO, 
S236, Jim, Inhofe, 1-108, 2-108, 1-109, 2-109, 1-110, 2-110, 1-111, 2-111, 1-112, 2-112, 1-113, 2-113, 1-114, 2-114, 1-115, 2-115, 1-116, 2-116, 1-117, 2-117, R, R, R, R, R, R, R, R, R, R, R, R, R, R, R, R, R, R, R, R, OK, OK, OK, OK, OK, OK, OK, OK, OK, OK, OK, OK, OK, OK, OK, OK, OK, OK, OK, OK, 
S259, John, Reed, 1-108, 2-108, 1-109, 2-109, 1-110, 2-110, 1-111, 2-111, 1-112, 2-112, 1-113, 2-113, 1-114, 2-114, 1-115, 2-115, 1-116, 2-116, 1-117, 2-117, 1-118, D, D, D, D, D, D, D, D, D, D, D, D, D, D, D, D, D, D, D, D, D, RI, RI, RI, RI, RI, RI, RI, RI, RI, RI, RI, RI, RI, RI, RI, RI, RI, RI, RI, RI, RI, 
S176, Jay, Rockefeller, 1-108, 2-108, 1-109, 2-109, 1-110, 2-110, 1-111, 2-111, 1-112, 2-112, 1-113, 2-113, D, D, D, D, D, D, D, D, D, D, D, D, WV, WV, WV, WV, WV, WV, WV, WV, WV, WV, WV, WV, 
S249, Samuel, Brownback, 1-109, 2-109, 1-110, 2-110, 1-111, 2-111, R, R, R, R, R, R, KS, KS, KS, KS, KS, KS, 
S300, Richard, Burr, 1-109, 2-109, 1-110, 2-110, 1-111, 2-111, 1-112, 2-112, 1-113, 2-113, 1-114, 2-114, 1-115, 2-115, 1-116, 2-116, 1-117, 2-117, R, R, R, R, R, R, R, R, R, R, R, R, R, R, R, R, R, R, NC, NC, NC, NC, NC, NC, NC, NC, NC, NC, NC, NC, NC, NC, NC, NC, NC, NC, 
S301, Tom, Coburn, 1-109, 2-109, 1-110, 2-110, 1-111, 2-111, 1-112, 2-112, 1-113, 2-113, R, R, R, R, R, R, R, R, R, R, OK, OK, OK, OK, OK, OK, OK, OK, OK, OK, 
S266, Mike, Crapo, 1-109, 2-109, 1-110, 2-110, 1-111, 2-111, 1-112, 2-112, 1-113, 2-113, 1-114, 2-114, 1-115, 2-115, 1-116, 2-116, 1-117, 2-117, 1-118, R, R, R, R, R, R, R, R, R, R, R, R, R, R, R, R, R, R, R, ID, ID, ID, ID, ID, ID, ID, ID, ID, ID, ID, ID, ID, ID, ID, ID, ID, ID, ID, 
S302, James, DeMint, 1-109, 2-109, 1-110, 2-110, 1-111, 2-111, 1-112, 2-112, R, R, R, R, R, R, R, R, SC, SC, SC, SC, SC, SC, SC, SC, 
S230, Russ, Feingold, 1-109, 2-109, 1-110, 2-110, 1-111, 2-111, D, D, D, D, D, D, WI, WI, WI, WI, WI, WI, 
S153, Charles, Grassley, 1-109, 2-109, 1-110, 2-110, 1-111, 2-111, 1-115, 2-115, 1-116, 2-116, 1-117, 2-117, R, R, R, R, R, R, R, R, R, R, R, R, IA, IA, IA, IA, IA, IA, IA, IA, IA, IA, IA, IA, 
S305, Johnny, Isakson, 1-109, 2-109, 1-110, 2-110, 1-111, 2-111, 1-112, 2-112, 1-113, 2-113, 1-114, 2-114, R, R, R, R, R, R, R, R, R, R, R, R, GA, GA, GA, GA, GA, GA, GA, GA, GA, GA, GA, GA, 
S304, Mel, Martinez, 1-109, 2-109, 1-110, 2-110, 1-111, R, R, R, R, R, FL, FL, FL, FL, FL, 
S298, Barack, Obama, 1-109, 2-109, 1-110, 2-110, D, D, D, D, IL, IL, IL, IL, 
S297, Ken, Salazar, 1-109, 2-109, 1-110, 2-110, 1-111, D, D, D, D, D, CO, CO, CO, CO, CO, 
S303, John, Thune, 1-109, 2-109, 1-110, 2-110, 1-111, 2-111, 1-112, 2-112, 1-113, 2-113, 1-114, 2-114, 1-115, 2-115, 1-116, 2-116, 1-117, 2-117, 1-118, R, R, R, R, R, R, R, R, R, R, R, R, R, R, R, R, R, R, R, SD, SD, SD, SD, SD, SD, SD, SD, SD, SD, SD, SD, SD, SD, SD, SD, SD, SD, SD, 
S299, David, Vitter, 1-109, 2-109, 1-110, 2-110, 1-111, 2-111, 1-112, 2-112, 1-113, 2-113, 1-114, 2-114, R, R, R, R, R, R, R, R, R, R, R, R, LA, LA, LA, LA, LA, LA, LA, LA, LA, LA, LA, LA, 
S306, Robert, Menendez, 2-109, 1-110, 2-110, 1-111, 2-111, 1-112, 2-112, 1-113, 2-113, 1-114, 2-114, 1-115, 2-115, 1-116, 2-116, 1-117, 2-117, 1-118, D, D, D, D, D, D, D, D, D, D, D, D, D, D, D, D, D, D, NJ, NJ, NJ, NJ, NJ, NJ, NJ, NJ, NJ, NJ, NJ, NJ, NJ, NJ, NJ, NJ, NJ, NJ, 
S307, Sherrod, Brown, 1-110, 2-110, 1-111, 2-111, 1-112, 2-112, 1-113, D, D, D, D, D, D, D, OH, OH, OH, OH, OH, OH, OH, 
S308, Benjamin, Cardin, 1-110, 2-110, 1-111, 2-111, 1-112, 2-112, D, D, D, D, D, D, MD, MD, MD, MD, MD, MD, 
S309, Bob, Casey, 1-110, 2-110, 1-111, 2-111, 1-112, 2-112, 1-113, 2-113, 1-114, 2-114, 1-115, 2-115, 1-116, 2-116, 1-117, 2-117, 1-118, D, D, D, D, D, D, D, D, D, D, D, D, D, D, D, D, D, PA, PA, PA, PA, PA, PA, PA, PA, PA, PA, PA, PA, PA, PA, PA, PA, PA, 
S310, Bob, Corker, 1-110, 2-110, 1-111, 2-111, 1-112, 2-112, 1-113, 2-113, 1-114, 2-114, 1-115, 2-115, R, R, R, R, R, R, R, R, R, R, R, R, TN, TN, TN, TN, TN, TN, TN, TN, TN, TN, TN, TN, 
S311, Amy, Klobuchar, 1-110, 2-110, 1-111, 2-111, 1-112, 2-112, 1-113, 2-113, 1-114, 2-114, 1-115, 2-115, 1-116, 2-116, 1-117, 2-117, 1-118, D, D, D, D, D, D, D, D, D, D, D, D, D, D, D, D, D, MN, MN, MN, MN, MN, MN, MN, MN, MN, MN, MN, MN, MN, MN, MN, MN, MN, 
S210, Joe, Lieberman, 1-110, 2-110, 1-111, 2-111, 1-112, 2-112, I, I, I, I, I, I, CT, CT, CT, CT, CT, CT, 
S312, Claire, McCaskill, 1-110, 2-110, 1-111, 2-111, 1-112, 2-112, 1-113, 2-113, 1-114, 2-114, 1-115, 2-115, D, D, D, D, D, D, D, D, D, D, D, D, MO, MO, MO, MO, MO, MO, MO, MO, MO, MO, MO, MO, 
S313, Bernard, Sanders, 1-110, 2-110, 1-111, 2-111, 1-112, 2-112, 1-116, 2-116, 1-117, 2-117, 1-118, I, I, I, I, I, I, I, I, I, I, I, VT, VT, VT, VT, VT, VT, VT, VT, VT, VT, VT, 
S314, Jon, Tester, 1-110, 2-110, 1-111, 2-111, 1-112, 2-112, 1-113, 2-113, 1-114, 2-114, 1-115, 2-115, 1-116, 2-116, 1-117, 2-117, 1-118, D, D, D, D, D, D, D, D, D, D, D, D, D, D, D, D, D, MT, MT, MT, MT, MT, MT, MT, MT, MT, MT, MT, MT, MT, MT, MT, MT, MT, 
S315, James, Webb, 1-110, 2-110, 1-111, 2-111, 1-112, 2-112, D, D, D, D, D, D, VA, VA, VA, VA, VA, VA, 
S316, Sheldon, Whitehouse, 1-110, 2-110, 1-111, 2-111, 1-112, 2-112, 1-113, 2-113, 1-114, 2-114, 1-115, 2-115, 1-116, 2-116, 1-117, 2-117, 1-118, D, D, D, D, D, D, D, D, D, D, D, D, D, D, D, D, D, RI, RI, RI, RI, RI, RI, RI, RI, RI, RI, RI, RI, RI, RI, RI, RI, RI, 
S317, John, Barrasso, 1-110, 2-110, 1-111, 2-111, 1-112, 2-112, 1-113, 2-113, 1-114, 2-114, 1-115, 2-115, 1-116, 2-116, 1-117, 2-117, 1-118, R, R, R, R, R, R, R, R, R, R, R, R, R, R, R, R, R, WY, WY, WY, WY, WY, WY, WY, WY, WY, WY, WY, WY, WY, WY, WY, WY, WY, 
S318, Roger, Wicker, 2-110, 1-111, 2-111, 1-112, 2-112, 1-113, 2-113, 1-114, 2-114, 1-115, 2-115, 1-116, 2-116, 1-117, 2-117, 1-118, R, R, R, R, R, R, R, R, R, R, R, R, R, R, R, R, MS, MS, MS, MS, MS, MS, MS, MS, MS, MS, MS, MS, MS, MS, MS, MS, 
S319, Mark, Begich, 1-111, 2-111, 1-112, 2-112, 1-113, 2-113, D, D, D, D, D, D, AK, AK, AK, AK, AK, AK, 
S320, Kay, Hagan, 1-111, 2-111, 1-112, 2-112, 1-113, 2-113, D, D, D, D, D, D, NC, NC, NC, NC, NC, NC, 
S321, Mike, Johanns, 1-111, 2-111, 1-112, 2-112, 1-113, 2-113, R, R, R, R, R, R, NE, NE, NE, NE, NE, NE, 
S322, Jeff, Merkley, 1-111, 2-111, 1-112, 2-112, 1-113, 2-113, 1-114, 2-114, 1-115, 2-115, 1-116, 2-116, 1-117, 2-117, 1-118, D, D, D, D, D, D, D, D, D, D, D, D, D, D, D, OR, OR, OR, OR, OR, OR, OR, OR, OR, OR, OR, OR, OR, OR, OR, 
S323, James, Risch, 1-111, 2-111, 1-112, 2-112, 1-113, R, R, R, R, R, ID, ID, ID, ID, ID, 
S324, Jeanne, Shaheen, 1-111, 2-111, 1-112, 2-112, 1-113, 2-113, 1-114, 2-114, 1-115, 2-115, 1-116, 2-116, 1-117, 2-117, 1-118, D, D, D, D, D, D, D, D, D, D, D, D, D, D, D, NH, NH, NH, NH, NH, NH, NH, NH, NH, NH, NH, NH, NH, NH, NH, 
S325, Mark, Udall, 1-111, 2-111, 1-112, 2-112, 1-113, 2-113, D, D, D, D, D, D, CO, CO, CO, CO, CO, CO, 
S326, Tom, Udall, 1-111, 2-111, 1-112, 2-112, 1-113, 2-113, 1-114, 2-114, 1-115, 2-115, 1-116, 2-116, D, D, D, D, D, D, D, D, D, D, D, D, NM, NM, NM, NM, NM, NM, NM, NM, NM, NM, NM, NM, 
S327, Mark, Warner, 1-111, 2-111, 1-112, 2-112, 1-113, 2-113, 1-114, 2-114, 1-115, 2-115, 1-116, 2-116, 1-117, 2-117, 1-118, D, D, D, D, D, D, D, D, D, D, D, D, D, D, D, VA, VA, VA, VA, VA, VA, VA, VA, VA, VA, VA, VA, VA, VA, VA, 
S328, Roland, Burris, 1-111, 2-111, D, D, IL, IL, 
S329, Edward, Kaufman, 1-111, 2-111, D, D, DE, DE, 
S330, Michael, Bennet, 1-111, 2-111, 1-112, 2-112, 1-113, 2-113, 1-114, 2-114, 1-115, 2-115, 1-116, 2-116, 1-117, 2-117, 1-118, D, D, D, D, D, D, D, D, D, D, D, D, D, D, D, CO, CO, CO, CO, CO, CO, CO, CO, CO, CO, CO, CO, CO, CO, CO, 
S331, Kirsten, Gillibrand, 1-111, 2-111, 1-112, 2-112, 1-113, 2-113, 1-114, 2-114, 1-115, 2-115, 1-116, 2-116, 1-117, 2-117, 1-118, D, D, D, D, D, D, D, D, D, D, D, D, D, D, D, NY, NY, NY, NY, NY, NY, NY, NY, NY, NY, NY, NY, NY, NY, NY, 
S332, Al, Franken, 1-111, 2-111, 1-112, 2-112, 1-113, 2-113, 1-114, 2-114, 1-115, D, D, D, D, D, D, D, D, D, MN, MN, MN, MN, MN, MN, MN, MN, MN, 
S333, George, LeMieux, 1-111, 2-111, R, R, FL, FL, 
S334, Paul, Kirk, 1-111, 2-111, D, D, MA, MA, 
S335, Scott, Brown, 2-111, 1-112, 2-112, R, R, R, MA, MA, MA, 
S336, Carte, Goodwin, 2-111, D, WV, 
S337, Christopher, Coons, 2-111, 1-112, 2-112, 1-113, 2-113, 1-114, 2-114, 1-115, 2-115, 1-116, 2-116, 1-117, 2-117, 1-118, D, D, D, D, D, D, D, D, D, D, D, D, D, D, DE, DE, DE, DE, DE, DE, DE, DE, DE, DE, DE, DE, DE, DE, 
S338, Joe, Manchin, 2-111, 1-112, 2-112, 1-113, 2-113, 1-114, 2-114, 1-115, 2-115, D, D, D, D, D, D, D, D, D, WV, WV, WV, WV, WV, WV, WV, WV, WV, 
S339, Mark, Kirk, 2-111, 1-112, 2-112, 1-113, 2-113, 1-114, 2-114, R, R, R, R, R, R, R, IL, IL, IL, IL, IL, IL, IL, 
S340, Kelly, Ayotte, 1-112, 2-112, 1-113, 2-113, 1-114, 2-114, R, R, R, R, R, R, NH, NH, NH, NH, NH, NH, 
S341, Richard, Blumenthal, 1-112, 2-112, 1-113, 2-113, 1-114, 2-114, 1-115, 2-115, 1-116, 2-116, 1-117, 2-117, 1-118, D, D, D, D, D, D, D, D, D, D, D, D, D, CT, CT, CT, CT, CT, CT, CT, CT, CT, CT, CT, CT, CT, 
S342, Roy, Blunt, 1-112, 2-112, 1-113, 2-113, 1-114, 2-114, 1-115, 2-115, 1-116, 2-116, 1-117, 2-117, R, R, R, R, R, R, R, R, R, R, R, R, MO, MO, MO, MO, MO, MO, MO, MO, MO, MO, MO, MO, 
S343, John, Boozman, 1-112, 2-112, 1-113, 2-113, 1-114, 2-114, 1-115, 2-115, 1-116, 2-116, 1-117, 2-117, 1-118, R, R, R, R, R, R, R, R, R, R, R, R, R, AR, AR, AR, AR, AR, AR, AR, AR, AR, AR, AR, AR, AR, 
S344, John, Hoeven, 1-112, 2-112, 1-113, 2-113, 1-114, 2-114, 1-115, 2-115, 1-116, 2-116, 1-117, 2-117, 1-118, R, R, R, R, R, R, R, R, R, R, R, R, R, ND, ND, ND, ND, ND, ND, ND, ND, ND, ND, ND, ND, ND, 
S345, Ron, Johnson, 1-112, 2-112, 1-113, 2-113, 1-114, 2-114, 1-115, 2-115, 1-116, 2-116, 1-117, 2-117, 1-118, R, R, R, R, R, R, R, R, R, R, R, R, R, WI, WI, WI, WI, WI, WI, WI, WI, WI, WI, WI, WI, WI, 
S346, Mike, Lee, 1-112, 2-112, 1-113, 2-113, 1-114, 2-114, 1-115, 2-115, 1-116, 2-116, 1-117, 2-117, 1-118, R, R, R, R, R, R, R, R, R, R, R, R, R, UT, UT, UT, UT, UT, UT, UT, UT, UT, UT, UT, UT, UT, 
S347, Jerry, Moran, 1-112, 2-112, 1-113, 2-113, 1-114, 2-114, 1-115, 2-115, 1-116, 2-116, 1-117, 2-117, 1-118, R, R, R, R, R, R, R, R, R, R, R, R, R, KS, KS, KS, KS, KS, KS, KS, KS, KS, KS, KS, KS, KS, 
S348, Rand, Paul, 1-112, 2-112, 1-113, 2-113, 1-114, 2-114, 1-115, 2-115, 1-116, 2-116, 1-117, 2-117, 1-118, R, R, R, R, R, R, R, R, R, R, R, R, R, KY, KY, KY, KY, KY, KY, KY, KY, KY, KY, KY, KY, KY, 
S349, Rob, Portman, 1-112, 2-112, 1-113, 2-113, 1-114, 2-114, 1-115, 2-115, 1-116, 2-116, 1-117, 2-117, R, R, R, R, R, R, R, R, R, R, R, R, OH, OH, OH, OH, OH, OH, OH, OH, OH, OH, OH, OH, 
S350, Marco, Rubio, 1-112, 2-112, 1-113, 2-113, 1-114, 2-114, 1-115, 2-115, 1-116, 2-116, 1-117, 2-117, 1-118, R, R, R, R, R, R, R, R, R, R, R, R, R, FL, FL, FL, FL, FL, FL, FL, FL, FL, FL, FL, FL, FL, 
S351, Pat, Toomey, 1-112, 2-112, 1-113, 2-113, 1-114, 2-114, R, R, R, R, R, R, PA, PA, PA, PA, PA, PA, 
S352, Dean, Heller, 1-112, 2-112, 1-113, 2-113, 1-114, 2-114, 1-115, 2-115, R, R, R, R, R, R, R, R, NV, NV, NV, NV, NV, NV, NV, NV, 
S353, Brian, Schatz, 2-112, 1-113, 2-113, 1-114, 2-114, 1-115, 2-115, 1-116, 2-116, 1-117, 2-117, 1-118, D, D, D, D, D, D, D, D, D, D, D, D, HI, HI, HI, HI, HI, HI, HI, HI, HI, HI, HI, HI, 
S354, Tammy, Baldwin, 1-113, 2-113, 1-114, 2-114, 1-115, 2-115, 1-116, 2-116, 1-117, 2-117, 1-118, D, D, D, D, D, D, D, D, D, D, D, WI, WI, WI, WI, WI, WI, WI, WI, WI, WI, WI, 
S308, Ben, Cardin, 1-113, 2-113, 1-114, 2-114, 1-115, 2-115, 1-116, 2-116, 1-117, 2-117, 1-118, D, D, D, D, D, D, D, D, D, D, D, MD, MD, MD, MD, MD, MD, MD, MD, MD, MD, MD, 
S355, Ted, Cruz, 1-113, 2-113, 1-114, 2-114, 1-115, 2-115, 1-116, 2-116, 1-117, 2-117, 1-118, R, R, R, R, R, R, R, R, R, R, R, TX, TX, TX, TX, TX, TX, TX, TX, TX, TX, TX, 
S356, Joe, Donnelly, 1-113, 2-113, 1-114, 2-114, 1-115, 2-115, D, D, D, D, D, D, IN, IN, IN, IN, IN, IN, 
S357, Deb, Fischer, 1-113, 2-113, 1-114, 2-114, 1-115, 2-115, 1-116, 2-116, 1-117, 2-117, 1-118, R, R, R, R, R, R, R, R, R, R, R, NE, NE, NE, NE, NE, NE, NE, NE, NE, NE, NE, 
S358, Jeff, Flake, 1-113, 2-113, 1-114, 2-114, 1-115, 2-115, R, R, R, R, R, R, AZ, AZ, AZ, AZ, AZ, AZ, 
S359, Martin, Heinrich, 1-113, 2-113, 1-114, 2-114, 1-115, 2-115, 1-116, 2-116, 1-117, 2-117, 1-118, D, D, D, D, D, D, D, D, D, D, D, NM, NM, NM, NM, NM, NM, NM, NM, NM, NM, NM, 
S360, Heidi, Heitkamp, 1-113, 2-113, 1-114, 2-114, 1-115, 2-115, D, D, D, D, D, D, ND, ND, ND, ND, ND, ND, 
S361, Mazie, Hirono, 1-113, 2-113, 1-114, 2-114, 1-115, 2-115, 1-116, 2-116, 1-117, 2-117, 1-118, D, D, D, D, D, D, D, D, D, D, D, HI, HI, HI, HI, HI, HI, HI, HI, HI, HI, HI, 
S362, Timothy, Kaine, 1-113, 2-113, 1-114, 2-114, 1-115, 2-115, 1-116, 2-116, 1-117, 2-117, 1-118, D, D, D, D, D, D, D, D, D, D, D, VA, VA, VA, VA, VA, VA, VA, VA, VA, VA, VA, 
S363, Angus, King, 1-113, 2-113, 1-114, 2-114, 1-115, 2-115, 1-116, 2-116, 1-117, 2-117, 1-118, I, I, I, I, I, I, I, I, I, I, I, ME, ME, ME, ME, ME, ME, ME, ME, ME, ME, ME, 
S364, Christopher, Murphy, 1-113, 2-113, 1-114, 2-114, 1-115, 2-115, 1-116, 2-116, 1-117, 2-117, 1-118, D, D, D, D, D, D, D, D, D, D, D, CT, CT, CT, CT, CT, CT, CT, CT, CT, CT, CT, 
S313, Bernie, Sanders, 1-113, 2-113, 1-114, 2-114, 1-115, 2-115, I, I, I, I, I, I, VT, VT, VT, VT, VT, VT, 
S365, Timothy, Scott, 1-113, 2-113, 1-114, 2-114, R, R, R, R, SC, SC, SC, SC, 
S366, Elizabeth, Warren, 1-113, 2-113, 1-114, 2-114, 1-115, 2-115, 1-116, 2-116, 1-117, 2-117, 1-118, D, D, D, D, D, D, D, D, D, D, D, MA, MA, MA, MA, MA, MA, MA, MA, MA, MA, MA, 
S367, William "Mo", Cowan, 1-113, D, MA, 
S368, Jeffrey, Chiesa, 1-113, R, NJ, 
S369, Edward, Markey, 1-113, 2-113, 1-114, 2-114, 1-115, 2-115, 1-116, 2-116, 1-117, 2-117, 1-118, D, D, D, D, D, D, D, D, D, D, D, MA, MA, MA, MA, MA, MA, MA, MA, MA, MA, MA, 
S370, Cory, Booker, 1-113, 2-113, 1-114, 2-114, 1-115, 2-115, 1-116, 2-116, 1-117, 2-117, 1-118, D, D, D, D, D, D, D, D, D, D, D, NJ, NJ, NJ, NJ, NJ, NJ, NJ, NJ, NJ, NJ, NJ, 
S307, Sherrod , Brown, 2-113, 1-114, 2-114, 1-115, 2-115, 1-116, 2-116, 1-117, 2-117, 1-118, D, D, D, D, D, D, D, D, D, D, OH, OH, OH, OH, OH, OH, OH, OH, OH, OH, 
S323, James , Risch, 2-113, 1-114, 2-114, 1-115, 2-115, 1-116, 2-116, 1-117, 2-117, 1-118, R, R, R, R, R, R, R, R, R, R, ID, ID, ID, ID, ID, ID, ID, ID, ID, ID, 
S371, John, Walsh, 2-113, D, MT, 
S372, Shelley, Capito, 1-114, 2-114, 1-115, 2-115, 1-116, 2-116, 1-117, 2-117, 1-118, R, R, R, R, R, R, R, R, R, WV, WV, WV, WV, WV, WV, WV, WV, WV, 
S373, Bill, Cassidy, 1-114, 2-114, 1-115, 2-115, 1-116, 2-116, 1-117, 2-117, 1-118, R, R, R, R, R, R, R, R, R, LA, LA, LA, LA, LA, LA, LA, LA, LA, 
S374, Tom, Cotton, 1-114, 2-114, 1-115, 2-115, 1-116, 2-116, 1-117, 2-117, 1-118, R, R, R, R, R, R, R, R, R, AR, AR, AR, AR, AR, AR, AR, AR, AR, 
S375, Steve, Daines, 1-114, 2-114, 1-115, 2-115, 1-116, 2-116, 1-117, 2-117, 1-118, R, R, R, R, R, R, R, R, R, MT, MT, MT, MT, MT, MT, MT, MT, MT, 
S254, Mike, Enzi, 1-114, 2-114, 1-115, 2-115, 1-116, 2-116, R, R, R, R, R, R, WY, WY, WY, WY, WY, WY, 
S376, Joni, Ernst, 1-114, 2-114, 1-115, 2-115, 1-116, 2-116, 1-117, 2-117, 1-118, R, R, R, R, R, R, R, R, R, IA, IA, IA, IA, IA, IA, IA, IA, IA, 
S377, Cory, Gardner, 1-114, 2-114, 1-115, 2-115, 1-116, 2-116, R, R, R, R, R, R, CO, CO, CO, CO, CO, CO, 
S378, James, Lankford, 1-114, 2-114, 1-115, 2-115, 1-116, 2-116, 1-117, 2-117, 1-118, R, R, R, R, R, R, R, R, R, OK, OK, OK, OK, OK, OK, OK, OK, OK, 
S379, David, Perdue, 1-114, 2-114, 1-115, 2-115, 1-116, 2-116, R, R, R, R, R, R, GA, GA, GA, GA, GA, GA, 
S380, Gary, Peters, 1-114, 2-114, 1-115, 2-115, 1-116, 2-116, 1-117, 2-117, 1-118, D, D, D, D, D, D, D, D, D, MI, MI, MI, MI, MI, MI, MI, MI, MI, 
S381, Mike, Rounds, 1-114, 2-114, 1-115, 2-115, 1-116, 2-116, 1-117, 2-117, 1-118, R, R, R, R, R, R, R, R, R, SD, SD, SD, SD, SD, SD, SD, SD, SD, 
S382, Ben, Sasse, 1-114, 2-114, 1-115, 2-115, 1-116, 2-116, 1-117, 2-117, R, R, R, R, R, R, R, R, NE, NE, NE, NE, NE, NE, NE, NE, 
S261, Jefferson, Sessions, 1-114, 2-114, 1-115, R, R, R, AL, AL, AL, 
S383, Dan, Sullivan, 1-114, 2-114, 1-115, 2-115, 1-116, 2-116, 1-117, 2-117, 1-118, R, R, R, R, R, R, R, R, R, AK, AK, AK, AK, AK, AK, AK, AK, AK, 
S384, Thomas, Tillis, 1-114, 2-114, 1-115, 2-115, 1-116, 2-116, 1-117, 2-117, 1-118, R, R, R, R, R, R, R, R, R, NC, NC, NC, NC, NC, NC, NC, NC, NC, 
S385, Catherine, Cortez Masto, 1-115, 2-115, 1-116, 2-116, 1-117, 2-117, 1-118, D, D, D, D, D, D, D, NV, NV, NV, NV, NV, NV, NV, 
S386, Tammy, Duckworth, 1-115, 2-115, 1-116, 2-116, 1-117, 2-117, 1-118, D, D, D, D, D, D, D, IL, IL, IL, IL, IL, IL, IL, 
S387, Kamala, Harris, 1-115, 2-115, 1-116, 2-116, 1-117, D, D, D, D, D, CA, CA, CA, CA, CA, 
S388, Maggie, Hassan, 1-115, 2-115, 1-116, 2-116, 1-117, 2-117, 1-118, D, D, D, D, D, D, D, NH, NH, NH, NH, NH, NH, NH, 
S305, John, Isakson, 1-115, 2-115, 1-116, R, R, R, GA, GA, GA, 
S389, John, Kennedy, 1-115, 2-115, 1-116, 2-116, 1-117, 2-117, 1-118, R, R, R, R, R, R, R, LA, LA, LA, LA, LA, LA, LA, 
S365, Tim, Scott, 1-115, 2-115, 1-116, 2-116, 1-117, 2-117, 1-118, R, R, R, R, R, R, R, SC, SC, SC, SC, SC, SC, SC, 
S351, Patrick, Toomey, 1-115, 2-115, 1-116, 2-116, 1-117, 2-117, R, R, R, R, R, R, PA, PA, PA, PA, PA, PA, 
S390, Chris, Van Hollen, 1-115, 2-115, 1-116, 2-116, 1-117, 2-117, 1-118, D, D, D, D, D, D, D, MD, MD, MD, MD, MD, MD, MD, 
S391, Todd, Young, 1-115, 2-115, 1-116, 2-116, 1-117, 2-117, 1-118, R, R, R, R, R, R, R, IN, IN, IN, IN, IN, IN, IN, 
S392, Luther, Strange, 1-115, R, AL, 
S393, Doug, Jones, 2-115, 1-116, 2-116, D, D, D, AL, AL, AL, 
S394, Tina, Smith, 2-115, 1-116, 2-116, 1-117, 2-117, 1-118, D, D, D, D, D, D, MN, MN, MN, MN, MN, MN, 
S395, Cindy, Hyde-Smith, 2-115, 1-116, 2-116, 1-117, 2-117, 1-118, R, R, R, R, R, R, MS, MS, MS, MS, MS, MS, 
S396, Marsha, Blackburn, 1-116, 2-116, 1-117, 2-117, 1-118, R, R, R, R, R, TN, TN, TN, TN, TN, 
S397, Mike, Braun, 1-116, 2-116, 1-117, 2-117, 1-118, R, R, R, R, R, IN, IN, IN, IN, IN, 
S398, Kevin, Cramer, 1-116, 2-116, 1-117, 2-117, 1-118, R, R, R, R, R, ND, ND, ND, ND, ND, 
S399, Josh, Hawley, 1-116, 2-116, 1-117, 2-117, 1-118, R, R, R, R, R, MO, MO, MO, MO, MO, 
S338, Joseph, Manchin, 1-116, 2-116, 1-117, 2-117, 1-118, D, D, D, D, D, WV, WV, WV, WV, WV, 
S400, Martha, McSally, 1-116, 2-116, R, R, AZ, AZ, 
S401, Mitt, Romney, 1-116, 2-116, 1-117, 2-117, 1-118, R, R, R, R, R, UT, UT, UT, UT, UT, 
S402, Jacklyn, Rosen, 1-116, 2-116, 1-117, 2-117, 1-118, D, D, D, D, D, NV, NV, NV, NV, NV, 
S404, Rick, Scott, 1-116, 2-116, 1-117, 2-117, 1-118, R, R, R, R, R, FL, FL, FL, FL, FL, 
S403, Kyrsten, Sinema, 1-116, 2-116, 1-117, 2-117, 1-118, D, D, D, D, I, AZ, AZ, AZ, AZ, AZ, 
S405, Kelly , Loeffler, 2-116, 1-117, R, R, GA, GA, 
S406, Mark, Kelly, 2-116, 1-117, 2-117, 1-118, D, D, D, D, AZ, AZ, AZ, AZ, 
S407, Bill, Hagerty, 1-117, 2-117, 1-118, R, R, R, TN, TN, TN, 
S408, John, Hickenlooper, 1-117, 2-117, 1-118, D, D, D, CO, CO, CO, 
S409, Ben, Lujan, 1-117, 2-117, 1-118, D, D, D, NM, NM, NM, 
S410, Cynthia, Lummis, 1-117, 2-117, 1-118, R, R, R, WY, WY, WY, 
S411, Roger, Marshall, 1-117, 2-117, 1-118, R, R, R, KS, KS, KS, 
S412, Tommy, Tuberville, 1-117, 2-117, 1-118, R, R, R, AL, AL, AL, 
S414, Jon, Ossoff, 1-117, 2-117, 1-118, D, D, D, GA, GA, GA, 
S413, Alex, Padilla, 1-117, 2-117, 1-118, D, D, D, CA, CA, CA, 
S415, Raphael, Warnock, 1-117, 2-117, 1-118, D, D, D, GA, GA, GA, 
S416, Katie, Britt, 1-118, R, AL, 
S417, Ted, Budd, 1-118, R, NC, 
S418, John, Fetterman, 1-118, D, PA, 
S419, Markwayne, Mullin, 1-118, R, OK, 
S423, Pete, Ricketts, 1-118, R, NE, 
S420, Eric , Schmitt, 1-118, R, MO, 
S421, J., Vance, 1-118, R, OH, 
S422, Peter, Welch, 1-118, D, VT, 
